state|date|summary|link_text|link|
Alaska|5-Sep-25|The Alaska division of elections identified 70 possible noncitizens who have allegedly voted or attempted to vote since 2015, with 10 individuals facing criminal charges.  Additionally, the state's inactive voter list included 541 individuals who were flagged as possible noncitizens.|allegedly voted or attempted to vote|https://alaskabeacon.com/2025/09/05/report-lists-70-possible-noncitizen-alaskans-who-attempted-to-vote-in-the-past-decade/|
Arizona|17-Sep-24|A record-keeping error in Arizona caused some state residents to be mistakenly listed as having provided documentary proof of citizenship. As of October 9, the Pinal County recorder's office had suspended 1,106 registration records of such individuals who tried to update their registration without providing documentary proof of citizenship. |"record-keeping error||suspended 1,106 registration records"|"https://www.votebeat.org/arizona/2024/09/17/citizenship-proof-records-error-federal-only-voter-registration-eligibility/||https://www.votebeat.org/arizona/2025/10/22/pinal-maricopa-county-proof-of-citizenship-voter-registration/"|
Arkansas|2-Oct-25|The attorney general announced three noncitizens were arrested and charged with illegally voting. Two individuals indicated they were citizens on their voter registration forms. The announcement did not explicitly state that the third individual was registered, but this is assumed given they voted.|arrested and charged|https://arkansasag.gov/news-release/attorney-general-griffin-arrests-three-noncitizens-who-voted-illegally-in-arkansas/|
Arkansas|30-Oct-25|"The secretary of state announced there are roughly 240 possible noncitizens on Arkansas' voter list. Originally, SAVE identified 300+ possible noncitizens, but some of these were later identified as naturalized citizens whose information had not yet been updated in the SAVE database.||Of the 240 possible noncitizens, 30-40 individuals are believed to have voted in an election."|roughly 240 possible noncitizens|https://arkansasadvocate.com/2025/10/30/jester-says-240-potential-noncitizens-found-on-arkansas-voter-rolls-0-013-of-all-registered-voters/|
California|5-Nov-24|A noncitizen pled guilty to illegally registering to vote and voting in the 2016 primary and general elections. |pled guilty|https://orangecountyda.org/press/canadian-citizen-pleads-guilty-to-illegally-voting-in-2016-primary-general-elections-in-orange-county/|
California|25-Jun-25|Orange County identified and removed 17 noncitizens on their voter list over a five-year period. All but one individual self-reported their noncitizen status.|identified and removed|https://www.latimes.com/california/story/2025-06-25/justice-department-sues-orange-county-registrar-to-get-data-from-noncitizen-voting-records|
Connecticut|18-Oct-24|A complaint sent to Conneticut's elections enforcement commission alleged that a Bridgeport city councilman convinced a noncitizen to register to vote and apply for an absentee ballot, which the councilman then allegedly cast on her behalf in the 2023 Democratic primary.|convinced a noncitizen |https://ctmirror.org/2024/10/18/bridgeport-ct-ineligible-voter-2023-primary/|
District of Columbia|4-Jun-24|Noncitizens in DC are permitted to register and vote in local elections. As of June 2024, 539 noncitizens were legally registered to vote in DC and around 500 had already done so.|permitted to register and vote|https://www.newsnationnow.com/politics/noncitizens-voting-washington-dc-legal/|
Florida|16-Sep-24|The secretary of state requested citizenship data from U.S. Citizenship and Immigration Services to verify citizenship status for seven individuals on Florida's voter list. The secretary noted that 144 noncitizens were found on the state's voter list last month and two noncitizens were arrested for voting illegally in the last two years. |requested citizenship data|https://www.tallahassee.com/story/news/politics/2024/09/16/florida-looks-to-clamp-down-on-immigrant-voters-despite-few-incidents/75188399007/|
Florida|24-Jan-25|Florida law enforcement charged a noncitizen with allegedly voting in six local and national elections from 2022 to 2024. The individual allegedly falsely claimed US citizenship on his voter registration application in 2000. |charged a noncitizen|https://www.fdle.state.fl.us/news/2025/january/fdle-arrests-non-citizen-for-voter-fraud|
Florida|29-Apr-25|The US Department of Justice charged two noncitizens with allegedly registering to vote and voting in the 2024 general election.  |charged two noncitizens|https://www.justice.gov/usao-sdfl/pr/ukrainian-citizens-charged-south-florida-illegally-voting-2024-united-states|
Georgia|28-Mar-22|"Georgia conducted the first citizenship audit of its voter list, placing 2,258 indvidiuals under ""pending citizenship status."" These individuals were not added to the state's voter rolls and have never voted.||The audit found that citizenship could not be verified through the SAVE database for 1,634 individuals who had attempted to register to vote. The Department of Driver Services flagged another 624 individuals as possible noncitizens."|conducted the first citizenship audit|https://sos.ga.gov/news/citizenship-audit-finds-1634-noncitizens-attempted-register-vote|
Georgia|23-Oct-24|Georgia conducted a citizenship audit of its voter list, identifying 20  noncitizens who were then removed from the rolls and referred to local prosecutors for potential criminal charges. Nine of the 20 noncitizens had previously voted. These individuals were identified because they self reported their noncitizen status to excuse themselves from jury duty. The state opened case files for another 156 individuals that required more information to confirm citizenship. |conducted a citizenship audit|https://apnews.com/article/georgia-noncitizens-voter-rolls-14532ef49b66f9cbf34ff483d2534280|
Idaho|18-Oct-24|The secretary of state's office identified 36 possible noncitizens on Idaho's voter list for removal. Since 2020, Ada County has removed 78 noncitizens from its voter list.|identified 36 possible noncitizens|https://idahocapitalsun.com/2024/10/18/idaho-secretary-of-state-removing-36-likely-noncitizens-as-registered-voters-says-some-voted/|
Idaho|6-Aug-25|The secretary of state announced the arrest of an individual charged with registering and voting as a noncitizen.|announced the arrest|https://press.voteidaho.gov/press-release/election-security-criminal-charges/|
Illinois|24-Jan-20|"An error with Illinois' automatic voter registration system resulted in 545 noncitizens registering to vote despite self reporting their noncitizen status.||The state board of elections updated the number of possible noncitizens who voted in the 2018 and 2019 elections to 12 individuals, down from initial reports of 16 individuals."|resulted in 545 noncitizens|https://capitolnewsillinois.com/news/elections-board-corrects-non-citizen-voting-numbers/|
Indiana|12-Sep-25|The secretary of state referred a case of alleged noncitizen voting to law enforcement. The individual allegedly voted in multiple elections and was identified when he submitted a foreign passport as proof of citizenship for temporary credentials issued by the bureau of motor vehicles.|referred a case of alleged noncitizen voting|https://events.in.gov/event/secretary-of-state-diego-morales-refers-verified-case-of-noncitizen-voting-in-indiana-to-law-enforcement|
Indiana|3-Dec-25|The attorney general and secretary of state identified 165 possible noncitizens who were registered to vote after gaining access to the SAVE database. Of these individuals, at least 21 are alleged to have voted in recent elections. |identified 165 possible noncitizens|https://events.in.gov/event/attorney-general-todd-rokita-and-secretary-of-state-diego-morales-secure-landmark-settlement-to-safeguard-voter-rolls-identify-illegal-votes|
Iowa|22-Oct-24|The secretary of state identified 2,176 possible noncitizens who allegedly voted or registered to vote. Of these, 2,022 individuals had self reported their noncitizen status before voting or registering to vote.|identified 2,176 possible noncitizens|https://sos.iowa.gov/news-resources/statement-secretary-state-paul-pate-noncitizen-voting|
Iowa|20-Mar-25|The secretary of state reduced the number of possible noncitizens identified as having voted or registered to vote from 2,176 to 277 after comparing state data with the SAVE database. Of the 277, 35 noncitizens voted in Iowa last year and another five noncitizens had their ballots rejected. |"reduced the number of possible noncitizens||voted in Iowa list year"|"https://sos.iowa.gov/news-resources/iowa-secretary-states-audit-voter-registration-lists-finds-277-confirmed-noncitizens||https://www.radioiowa.com/2025/06/25/charges-filed-in-six-cases-of-alleged-2024-iowa-election-fraud/"|
Iowa|8-Aug-25|A noncitizen in Palo Alto County was convicted of illegaly voting in local elections four years ago.|convicted of illegaly voting|https://www.desmoinesregister.com/story/news/crime-and-courts/2025/08/08/iowa-man-convicted-illegal-voting-graettinger-brenna-bird/85561873007/?gnt-cfr=1&gca-cat=p&gca-uir=false&gca-epti=z116239p119450c119450u003639e006950v116239&gca-ft=226&gca-ds=sophi|
Iowa |18-Sep-25|A Hancock County jury acquited an individual accused of illegally voting as a noncitizen. At least five other individuals have been accused of illegally registering and/or voting as noncitizens in Iowa since 2023.|acquited an individual|https://www.desmoinesregister.com/story/news/crime-and-courts/2025/09/18/jury-clears-iowa-election-noncitizen-voting-misconduct-case-secretary-of-state/86171049007/?gnt-cfr=1&gca-cat=p&gca-uir=true&gca-epti=z119839p119550c119550e006250v119839d--xx--b--xx--&gca-ft=148&gca-ds=sophi|
Kansas|5-Nov-25|The attorney general filed charges against an individual accused of voting multiples times as a noncitizen.|filed charges against|https://www.ag.ks.gov/Home/Components/News/News/231/1292|
Louisiana|27-Aug-24|The secretary of state reported 48 noncitizens have been removed from Louisiana's voter list since 2022, but could not confirm whether any of these individuals voted.|reported 48 noncitizens have been |https://lailluminator.com/2024/08/27/gov-landry-targets-noncitizens-in-louisiana-claiming-immigrants-pose-voter-fraud-risk/|
Louisiana|4-Sep-25|The secretary of state announced that her office identified 390 possible noncitizen registered voters, 79 of whom allegedly voted in at least one election. These alleged cases were identified through an investigation with the SAVE database and the FBI analyzing voter records spanning back to the 1980s.|identified 390 possible noncitizen registered voters|https://lailluminator.com/2025/09/04/louisiana-election-investigation-finds-79-noncitizens-have-voted-since-1980s/|
Maine|31-Dec-24|In December 2024, the Maine Wire updated the number of possible noncitizens it had identified as registered voters from six possible noncitizens in October 2024 to 10 possible noncitizens. Of the 10 possible noncitizens, eight have reportedly voted since 2016. The Maine Wire identified these individuals by analyzing a subset of MaineCare records and voter data from the voter registration database system. |updated the number of possible noncitizens|https://www.themainewire.com/2024/12/records-show-legal-and-illegal-aliens-are-voting-in-maine-and-costing-mainecare-a-fortune/|
Maryland|5-Oct-23|A possible noncitizen was charged with illegally voting in the 2018 gubernatorial election. The individual allegedly reigstered to vote in 1996. |charged with illegally voting|https://osp.maryland.gov/2023/10/05/october-10-2023-baltimore-county-man-charged-for-voting-in-a-maryland-election-without-u-s-citizenship/|
Maryland|29-Sep-25|A noncitizen arrested by federal immigration officials in Iowa allegedly has a voter registration record in Maryland. The individual had previously worked in Maryland. |allegedly has a voter registration record|https://foxbaltimore.com/news/local/maryland-records-suggest-non-citizen-ian-roberts-may-have-been-registered-to-vote|
Massachusetts|1-May-24|According to a report from the Public Interest Legal Foundation, the Boston election department disclosed 70 recent examples of registered noncitizens who were removed from the city's voter list, 22 of whom have voted. These noncitizens self-reported their citizenship status as part of the state's annual census. |"report from the||self-reported their citizenship status"|"https://publicinterestlegal.org/wp-content/uploads/2024/05/Boston-Noncitizen-Report-2024.pdf||https://www.theepochtimes.com/us/massachusetts-annual-census-finds-noncitizens-on-voter-rolls-5649682?welcomeuser=1"|
Michigan|3-Apr-25|The Michigan department of state reported 15 possible cases of noncitizen voting out of 5.7 million ballots cast in the 2024 general election. Thirteen cases were referred to the state attorney general, one case is still being investigated by the department of statte, and one individual is now deceased. |"reported 15 possible cases||were referred to"|"https://www.michigan.gov/sos/resources/news/2025/04/03/michigan-department-of-state-review-confirms-instances-of-noncitizen-voting-are-extremely-rare||https://www.votebeat.org/michigan/2025/04/03/15-noncitizen-voting-cases-benson-proof-of-citizenship/"|
Michigan|3-Jun-25|The US Department of Justice filed a criminal complaint against a noncitizen for allegedly registering to vote and voting in the 2024 general election. The noncitizen was a student who allegedly registered using a student ID.|criminal complaint against a noncitizen|https://www.justice.gov/usao-edmi/pr/chinese-national-university-michigan-charged-illegally-voting-2024-election|
Minnesota|14-Jul-24|A review of every prosecution related to noncitizen registration and voting in Minnesota since 2015 identified three convictions.|"review of every prosecution||identified three convictions"|"https://papers.ssrn.com/sol3/papers.cfm?abstract_id=4839678||https://www.startribune.com/why-noncitizen-voting-is-not-an-issue-in-minnesota/600380720"|
Minnesota|1-Aug-25|A noncitizen was charged with allegedy registering to vote and voting in a February 2025 local election. Investigators found the noncitizen had self reported their citizenship statuts on the application. |was charged with |https://krocnews.com/non-citizen-vote-chatfield/|
Missouri|11-Jun-25|The secretary of state announced that Jackson County officials removed a noncitizen who allegedly voted in the 2024 general election from their voter list. It is unclear if criminal charges were filed. |"announced that||allegedly voted"|"https://www.sos.mo.gov/default.aspx?PageId=10537||https://www.kshb.com/news/local-news/jackson-county-election-officials-remove-illegal-voter-who-allegedly-voted-in-november-2024-election"|
Montana|7-Feb-22|The Phillips County attorney's office charged two noncitizens with allegedly registering to vote and voting in an October 2021 municipal elections. The county clerk and recorder's office cancelled these registrations in January 2022.|charged two noncitizens|https://montanafreepress.org/2022/02/07/election-crimes-alleged-in-phillips-county/ |
Montana|28-Sep-22|Two noncitizens charged in February 2022 with allegedly registering to vote failed to appear in court. The case was vacated and referred to federal immigration officials. |failed to appear in court|https://dailymontanan.com/briefs/phillips-county-voter-fraud-case-vacated-being-referred-to-ice/|
New Hampshire|22-Jul-25|The New Hampshire justice department charged a noncitizen with three felonies for allegedly voting in three different elections in 2023 and 2024. The individual allegedly registered to vote by signing an affidavit attesting they were a US citizen.|"charged a noncitizen||allegedly voting||allegedly registered"|"https://www.doj.nh.gov/news-and-media/non-us-citizen-arrested-wrongful-voting-new-hampshire||https://www.nhpr.org/nh-news/2025-07-22/manchester-green-card-holder-arrested-for-voting-illegally||https://nhjournal.com/lax-nh-voter-law-allowed-non-citizen-to-vote-three-times-records-show/"|
New Jersey |11-Sep-17|"The Public Interest Legal Foundation reportedly identified 616 noncitizens who were ""engaged on some level"" with New Jersey's voter registration system, 76% of whom had self-reported their citizenship status. The review was based on data disclosed by several counties. "|reportedly identified|https://publicinterestlegal.org/press/report-noncitizens-discovered-new-jersey-voter-registration-system/|
North Carolina|21-Apr-17|The state board of elections' 2016 post-election audit identified 41 noncitizens who had cast ballots. The audit also identified an additional 34 voters who later provided documentary proof of citizenship and were confirmed to be US citizens.|post-election audit identified|https://dl.ncsbe.gov/sboe/Post-Election%20Audit%20Report_2016%20General%20Election/Post-Election_Audit_Report.pdf|
North Carolina|28-Aug-25|A federal grand jury indicted a noncitizen for allegedly registering to vote and voting in the 2022 and 2024 general elections.|indicted a noncitizen|https://www.justice.gov/usao-ednc/pr/alien-charged-illegal-voting-federal-elections|
North Carolina|10-Nov-25|The US attorney for the western district of North Carolina claimed the North Carolina division of motor vehicles (DMV) illegally registered six noncitizens to vote, seemingly without their knowledge. |claimed the North Carolina division of motor vehicles|https://www.wistv.com/2025/11/10/north-carolina-dmv-incorrectly-registered-noncitizens-vote-federal-prosecutor-says/|
North Carolina |26-Sep-24|The state board of elections identified nine registered voters as possible noncitizens and is investigating their citizenship status. These individuals were identified due to a new law requiring state election officials to work with court officials to identify voters who request to be excused from jury duty based on citizenship. |"identified nine registered voters||due to a new law"|"https://www.ncsbe.gov/news/press-releases/2024/09/26/nc-election-officials-removed-nearly-750000-ineligible-registrants-start-2023||https://www.wral.com/story/9-potential-non-citizens-identified-as-registered-voters-in-nc-state-elections-officials-say/21644188/"|
Ohio|3-Jun-25|The secretary of state announced that the office's election integrity unit identified 30 possible noncitizens on Ohio's voter list. Of these, nine had allegedly voted in an election. The secretary is referring these cases for potential prosecution.|"election integrity unit identified||referring these cases"|"https://www.ohiosos.gov/office/media-center/categories/press-releases/2025-06-03||https://www.foxnews.com/politics/election-investigation-uncovers-alleged-illegal-voting-noncitizens-double-voters-multiple-states"|
Ohio|16-Sep-25|The secretary of state announced that the office's election integrity unit identified 78 possible noncitizens on Ohio's voter list. Of these, nine had allegedly voted in an election.|election integrity unit identified|https://www.ohiosos.gov/office/media-center/categories/press-releases/2025-09-16b|
Ohio|28-Oct-25|The secretary of state announced his office identified 1,084 possible noncitizens who appear to have registered to vote. Of these, 167 allegedly voted in a federal election between 2018 and 2024. |announced his office identified|https://www.ohiosos.gov/office/media-center/categories/press-releases/2025-10-28|
Ohio |27-Sep-23|A review of allegations of noncitizen voting identified just one individual charged with voter fraud out of 521 cases. |just one individual |https://ohiocapitaljournal.com/2023/09/27/ohio-sec-of-state-larose-flagged-more-than-520-cases-of-noncitizen-voter-fraud-only-one-was-legit/|
Ohio |21-Aug-24|The secretary of state referred evidence of 597 noncitizen registration records to the state attorney general, incuding 138 individuals who appear to have voted in an election. |"referred evidence of||including 138 individuals"|"https://www.ohiosos.gov/office/media-center/categories/press-releases/2024-08-21||https://apnews.com/article/ohio-voters-citizenship-referrals-42799a379bdda8bca7201d6c42f99c65"|
Ohio |15-Dec-24|Of the 621 criminal referrals of voter fraud sent to the attorney general, prosecutors indicted nine individuals for voting as noncitizens over the span of 10 years. |indicted nine individuals|https://apnews.com/article/noncitizen-voting-republicans-prosecutions-2024-election-ohio-ae9dafeeb47ea8941bf82f5988b269ef|
Ohio |17-Mar-25|The secretary of state's public integrity division and office of data analytics and archives identified 62 registration records belonging to noncitizens.|identified 62 registration records|https://www.ohiosos.gov/office/media-center/categories/press-releases/2025-03-17|
Oklahoma|28-Oct-25|The state election board identified five cases of possible noncitizen voter registration during the 2024 general election.|identified five cases|https://www.southwestledger.news/news/woman-indicted-voting-twice-24-general-election|
Oregon|13-Sep-24|State officials identified 306 noncitizens on Oregon's voter list, including two who allegedly voted. These individuals were registered due to clerical errors in marking the type of documentation presented when receiving or renewing a driver's license. |clerical errors|https://www.opb.org/article/2024/09/13/noncitizens-registered-oregon-error/|
Oregon|7-Oct-24|"The driver and motor vehicels services division identified 302 individuals who were mistakenly registered to vote, including citizens of US territories. This is in addition to the 1,259 individuals who were previously identified as registered voters despite not providing proof of citizenship when they obtained their driver's licenses.||Of these 1,259 individuals, at least five noncitizens allegedly voted. "|mistakenly registered to vote|https://oregoncapitalchronicle.com/2024/10/07/oregon-officials-call-for-audit-as-number-of-noncitizens-registered-to-vote-increases/|
Oregon|31-Oct-25|"State officials shelved investigations into three cases of alleged noncitizen voting after a state attorney cautioned that the cases were ""vulnerable"" to claims of selective prosecution. The investigations stemmed from the discovery that 1,600 individuals had been incorrecty registered to vote. Of these, 38 individuals had voted in 2022 and 2023. "|shelved investigations |https://oregoncapitalchronicle.com/2025/10/31/facing-discrimination-concerns-oregon-quietly-halts-noncitizen-voters-investigation/|
Oregon |23-Sep-24|1,259 individuals who did not provide documentary proof of US citizenship were erroneously registered to vote since 2021. Of these, 306 presented foreign passports during driver's license renewal or application and were incorrectly marked as US citizens, and 953 were erroneously registered based on foreign birth certificates.|did not provide documentary proof of US citizenship|https://oregoncapitalchronicle.com/2024/09/23/oregon-dmv-data-error-registered-1259-noncitizens-to-vote-nine-voted/|
Oregon |23-Sep-24|Of the 1,259 individuals erroneously registered without providing documentary proof of US citizenship, 10 allegedly voted, though one individual had become a citizen before voting.|1,259 individuals erroneously registered|https://www.opb.org/article/2024/09/23/voter-registration-noncitizen-oregon-motor-voter/|
Oregon |23-Sep-24|Due to a DMV error, nine individuals who did not provide documentary proof of US citizenship were erroneously registered to vote beginning in 2021 and allegedly voted.|nine individuals|https://www.opb.org/article/2024/09/23/voter-registration-noncitizen-oregon-motor-voter/|
Oregon |7-Oct-24|302 individuals were identified as erroneously registered. Of these, 178 were US nationals from American Samoa and Swains Island who were misclassified as US citizens, and 123 resulted from the same clerical error identified in September.|misclassified as US citizens|https://www.opb.org/article/2024/10/07/oregon-dmv-department-motor-vehicles-voter-registration-voting-vote-elections/|
Oregon |7-Oct-24|In an earlier review of voter records, 10 individuals were identified as incorrectly registered, five of whom were later confirmed to be US citizens.|10 individuals were identified as incorrectly registered|https://www.opb.org/article/2024/10/07/oregon-dmv-department-motor-vehicles-voter-registration-voting-vote-elections/|
Oregon |7-Nov-24|In Oregon's investigation of voter records lacking documentary proof of US citizenship, an additional 56 erroneously registered individuals were identified, bringing the total to 1,617. Fifty-four of these records were identified through a re-review of DMV transactions, and none of the 56 had voted.|additional 56 erroneously registered individuals were identified|https://www.opb.org/article/2024/11/07/oregon-department-motor-vehicles-dmv-non-citizens-voting-error/|
Oregon |10-Feb-25|The secretary of state's office forwarded three cases of possible noncitizen voting to the department of justice, and seven additional possible noncitizen voters remained under investigation. These cases stemmed from DMV errors originally reported in September.|three cases of possible noncitizen voting |https://www.opb.org/article/2025/02/10/oregon-elections-officials-noncitizen-voting-doj-cases/|
Oregon |10-Apr-25|"The driver and motor vehicles division identified 118 noncitizens on Oregon's voter list, most of whom were registered due to clerical errors. All but two individuals were registered before officials implemented new guardrails on the automatic voter registration system.||Of the 118 individuals, at least 13 allegedly voted in an election."|"identified 118 noncitizens||clerical errors||allegedly voted"|"https://www.oregon.gov/odot/DMV/docs/Voter%20Registration%20Status%20Report%2004-10-2025.pdf||https://www.oregonlive.com/politics/2025/04/118-more-potential-non-citizens-were-errantly-registered-to-vote-oregon-dmv-reports.html||https://www.wweek.com/news/2025/04/11/oregon-dmv-discloses-discovery-of-an-additional-118-non-citizens-in-voter-file/"|MISSING
Oregon |8-Jun-25|Officials registered nearly 200 American Samoan residents in error, 10 of whom voted in an election. However, state officials did not charge the 10 individuals after determining they had not intended to break the law. |inadvertently registered|https://web.archive.org/web/20250723085339/https://www.opb.org/article/2025/06/08/american-samoans-citizenship-voter-rolls/|
Pennsylvania|7-Oct-25|The Public Interest Legal Foundation claimed that a Pennsylvania analysis identified approximately 100,000 registered voters who may have been noncitizens at some point. A PILF report also stated that Pennsylvania identified 1,160 individuals who self-reported their noncitizen status and requested cancellation of their voter registration.|Pennsylvania identified 1,160 individuals|https://publicinterestlegal.org/wp-content/uploads/2025/09/25-Petition.pdf|
Pennsylvannia|25-Oct-17|Pensylvania election officials said that 544 ballots out of 93 million cast over 18 years of elections may have been cast by possible noncitizens. Officials said these ballots were identified after noncitizens reported being mistakenly registered to vote and acknowledged that the number could decrease.|noncitizens reported being mistakenly registered|https://apnews.com/general-news-64ac234e5fad44d096b3e8209b14ff3b|
Pennsylvannia|4-Nov-24|The Brennan Center identified 30 cases of possible noncitizen voting out of 23.5 million votes cast across 42 jurisdictions in the November 2016 election.|30 cases of possible noncitizen voting|https://www.spotlightpa.org/news/2024/11/pennsylvania-election-2024-noncitizens-slow-results-rigged-voting-machines-misinformation/|
South Carolina |30-Apr-24|The South Carolina election commission stated that it had not received specific information indicating that noncitizens were fraudulently registering to vote in the state.|specific information indicating that noncitizens were fraudulently registering to vot|https://scvotes.gov/statement-from-sec-on-addressing-recent-concerns-over-non-u-s-citizens-registering-to-vote-in-south-carolina/|
South Carolina |23-Oct-24|The South Carolina election commission said that six possible noncitizens registered to vote over a four-year period due to human error.|six possible noncitizens registered to vote|https://www.thestate.com/news/politics-government/article294303509.html|
South Dakota |9-Oct-24|South Dakota removed 273 possible noncitizens from the voter list after they were registered due to Department of Public Safety employee errors involving incorrectly marked citizenship status.|removed 273 possible noncitizens|https://apnews.com/article/dakota-noncitizens-voting-removed-77b8433267d0de64430889b6f9092dc1|
Tennessee|25-Jun-24|More than 14,000 registered voters were sent letters requesting documentary proof of US citizenship. The list was generated by comparing the voter list with data from the Tennessee Department of Safety and Homeland Security.|documentary proof of US citizenship|https://apnews.com/article/voting-citizens-tennessee-e788ee6487093e26d2ca8b01c13ecdab|
Tennessee|27-Oct-25|The secretary of state announced that 42 possible noncitizens identified through the SAVE database had allegedly voted in a past election and referred the case to the FBI for further review.|42 possible noncitizens identified |https://sos.tn.gov/press-releases/tennessee-secretary-of-state-tre-hargett-protecting-the-vote-in-tennessee-uses|
Texas|31-Dec-21|An audit of the 2020 general election in Collin, Dallas, Harris, and Tarrant counties identified 74 possible noncitizens from cancelled registration records using data from local and court authorities. Beginning in September 2021, the secretary of state also compared the voter list against department of public safety citizenship data and identified 11,737 possible noncitizens statewide. Counties later cancelled 278 registration records after confirming noncitizenship and 2,049 registration records after individuals failed to respond to requests for documentary proof of US citizenship.|identified 74 possible noncitizens|https://www.sos.state.tx.us/elections/forms/phase1-progress-report.pdf#search=noncitizen|
Texas|26-Aug-24|The governor announced that Texas had removed more than 6,500 possible noncitizens from the voter list since the passage of SB 1 in 2021. Of those individuals, 1,930 allegedly had voting records.|removed more than 6,500 possible noncitizens|https://gov.texas.gov/news/post/governor-abbott-announces-over-1-million-ineligible-voters-removed-from-voter-rolls|
Texas|15-Oct-24|"The governor later revised an August press release claiming that more than 6,500 noncitizens had been removed from the voter list to instead refer to ""potential"" noncitizens. An investigation by ProPublica, The Texas Tribune, and Votebeat found that the secretary of state's office had identified 581 possible noncitizens, and that the larger 6,500 figure also included individuals removed after failing to respond to notices questioning their citizenship status."|claiming that more than 6,500 noncitizens had been removed |https://www.texastribune.org/2024/10/15/texas-noncitizen-voter-roll-removal-included-americans/|
Texas|15-Oct-24|In 2019, Texas officials claimed that nearly 100,000 possible noncitizens were registered to vote and that nearly half had voted in a prior election. These claims later unraveled under scrutiny.|claimed that nearly 100,000 possible noncitizens were registered|https://www.texastribune.org/2024/10/15/texas-noncitizen-voter-roll-removal-included-americans/|
Texas|5-Jun-25|The secretary of state announced that it had identified 33 possible noncitizens who allegedly voted in the November 2024 election using the SAVE database and referred these individuals to the attorney general for investigation.|33 possible noncitizens|https://www.sos.state.tx.us/about/newsreleases/2025/060525.shtml|
Texas|15-Jul-25|The attorney general launched an investigation into more than 100 possible noncitizens who allegedly cast over 200 ballots during the 2020 and 2022 election cycles.|investigation into more than 100 possible noncitizens|https://www.texastribune.org/2025/07/15/texas-noncitizen-voter-investigation-ken-paxton/|
Texas|20-Oct-25|The secretary of state announced that it had identified 2,724 possible noncitizen registration records using the SAVE database.|2,724 possible noncitizen registration|https://www.sos.state.tx.us/about/newsreleases/2025/102025.shtml|
Texas|31-Oct-25|The secretary of state's office flagged 2,724 registered voters as possible noncitizens. Votebeat reported that at least six individuals in three counties confirmed their US citizenship after being flagged, including four in Denton County who had been naturalized between 2020 and 2023. The secretary of state's office said counties have confirmed citizenship for 'a handful' of voters. At least 193 flagged voters across seven counties submitted their applications through the Texas Department of Public Safety, which requires documentary proof of US citizenship that cannot be waived. In at least seven counties, 94 individuals correctly indicated they were not citizens on their applications but were still erroneously added to the voter list; none of these individuals cast ballots.|flagged 2,724 registered voters as possible noncitizens|https://www.votebeat.org/texas/2025/10/31/county-election-officials-investigate-potential-noncitizens-flagged-save-database/|
Texas|2-Dec-25|Votebeat contacted 24 counties regarding investigations into voters flagged as possible noncitizens by the secretary of state's office in October, and responding counties had already confirmed the US citizenship of 16 previously flagged voters.|voters flagged as possible noncitizens|https://www.votebeat.org/texas/2025/12/02/travis-county-officials-investigate-potential-noncitizens-dps-save-proof-of-citizenship/|
Texas|10-Dec-25|The Denton County election director told NPR that, out of 84 flagged individuals, 14 confirmed their US citizenship and 14 were incorrectly registered due to a county error after indicating they were not citizens on their registration forms; none had cast a ballot.|84 flagged individuals|https://www.npr.org/2025/12/10/nx-s1-5588384/save-voting-data-us-citizens|
Texas|10-Dec-25|NPR identified at least one eligible voter in Denton County who was mistakenly flagged as a possible noncitizen during the state's October 2025 review and subsequently had their voter registration canceled.|mistakenly flagged as a possible noncitizen|https://www.npr.org/2025/12/10/nx-s1-5588384/save-voting-data-us-citizens|
Texas|18-Dec-25|Votebeat reported that, of 97 possible noncitizens referred to Travis County, at least 11 had documented proof of US citizenship on file with the state Department of Public Safety. Officials noted it is possible, but unconfirmed, that others on the list had also shown proof of citizenship to DPS.|97 possible noncitizens|https://www.votebeat.org/texas/2025/12/18/texas-voter-roll-citizens-investigation-save-database-travis-county/|
Texas |4-Apr-17|A noncitizen was convicted of illegally voting in Texas. Texas has resolved 38 illegal voting cases since 2005, though it is unclear how many involved noncitizen voting specifically.|A noncitizen was convicted of illegally voting|https://www.texastribune.org/2017/04/04/she-voted-illegally-was-punishment-too-harsh/|
Texas |25-Jan-19|The secretary of state announced that, through collaboration with the Texas department of public safety, officials identified approximately 95,000 possible noncitizens on Texas' voter list. Of those individuals, approximately 58,000 allegedly had a voting history.|approximately 95,000 possible noncitizens|https://www.sos.state.tx.us/about/newsreleases/2019/012519.shtml#:~:text=Through%20this%20evaluation%2C%20the%20Texas,in%20the%20State%20of%20Texas.|
Texas |25-Jan-19|The secretary of state and department of public safety identified approximately 58,000 possible noncitizens who allegedly had a voting history.|58,000 possible noncitizens|https://www.sos.state.tx.us/about/newsreleases/2019/012519.shtml#:~:text=Through%20this%20evaluation%2C%20the%20Texas,in%20the%20State%20of%20Texas.|
Texas |5-Jun-25|The secretary of state referred 33 possible noncitizens to the attorney general for allegedly voting in the 2024 general election after identifying them through the SAVE database.|33 possible noncitizens |https://www.texastribune.org/2025/06/05/texas-secretary-state-noncitizen-voters-investigation/|
Utah|13-May-25|"Utah state representative Karianne Lisonbee claimed she was informed by a ""whistleblower"" about one possible noncitizen voter."|one possible noncitizen voter.|https://utahpolitics.news/lawmaker-claims-non-citizens-are-voting-in-utah-but-refuses-to-share-evidence/|
Utah|19-Aug-25|Utah state representative Karianne Lisonbee claimed to have identified at least two possible noncitizens who were registered to vote or had voted in Utah elections using the state's voter database. Lisonbee also heard from a third individual who said a local official had told him several years earlier that he could register to vote despite not being a US citizen, though he ultimately did not register. These allegations remain unsubstantiated.|two possible noncitizens who were registered |https://kslnewsradio.com/utah/utah-proof-of-citizenship-register-vote/2238828/|
Utah |1-Feb-09|The Brennan Center interviewed 10 local Utah election officials and identified two officials who each reported encountering one instance of noncitizen registration. It is unclear when these instances occurred.|one instance of noncitizen registration|https://www.brennancenter.org/sites/default/files/legacy/blog/UT.survey.e.officials.doc|
Utah |17-Apr-25|The lieutenant governor's office is conducting a full citizenship audit of Utah's voter list.|full citizenship audit|https://www.ksl.com/article/51297098/utah-lieutenant-governor-announces-audit-of-citizenship-on-voter-rolls|
Virginia|7-Aug-24|In an executive order, the governor stated that between January 2022 and July 2024, the state identified and removed 6,303 registration records as possible noncitizens from the voter list.|state identified and removed 6,303 registration records|https://www.lwv.org/sites/default/files/2024-10/EO-35-Comprehensive-Election-Security-Ensuring.pdf|
Virginia|9-Oct-24|The governor stated that during his first two and a half years in office, the state identified and removed 6,303 registration records as possible noncitizens from the voter list, most due to DMV paperwork errors. In Prince William County, election officials removed 162 individuals between May 2023 and February 2024 after identifying them as possible noncitizens; all had registered as US citizens and had valid Social Security numbers.|identified and removed 6,303 registration record|https://www.washingtonpost.com/dc-md-va/2024/10/09/youngkin-noncitizen-voters-virginia/|
Virginia|9-Oct-24|A review of state court records and interviews with election officials identified no evidence that noncitizens attempted to vote during the governor's term, and no individuals were prosecuted for noncitizen voting between January 2022 and July 2024. Over the past 20 years, the state recorded one illegal voting convictions due to citizenship. In Prince William County, 43 of 162 individuals removed as possible noncitizens had cast ballots between 2012 and 2020, and no evidence of illegal ballots.|no evidence that noncitizens attempted to vote|https://www.washingtonpost.com/dc-md-va/2024/10/09/youngkin-noncitizen-voters-virginia/|
Virginia|15-Oct-24|Fourteen individuals identified as possible noncitizens signed legal documents affirming that they are US citizens.|Fourteen individuals identified as possible noncitizen|https://www.wric.com/news/taking-action/virginia-voter-rolls-citizenship/|
Virginia|30-Oct-24|Virginia officials identified 1,600 registration records from self-identified noncitizens.|1,600 registration record|https://www.cnn.com/2024/10/30/politics/supreme-court-virginia-noncitizen-voting-purge|
Virginia |30-Oct-24|Virginia removed 1,600 individuals from the voter list since August 7 after identifying them as possible noncitizens. It is unclear whether these individuals were included in or in addition to the 6,303 removed in August. In Prince William County, election officials removed 162 individuals from the voter list for suspected noncitizenship.|removed 1,600 individuals from the voter list|https://www.npr.org/2024/10/29/nx-s1-5169204/virginia-noncitizen-voter-purge|
Virginia |30-Oct-24|Virginia identified and removed 6,300 registration records as possible noncitizens from the voter list. In 2020, the state removed approximately 800 additional registration records identified as possible noncitizens, and in 2019, it removed approximately 500. A review of election crime cases over the past 20 years identified one instance of noncitizen registration.|removed approximately 800 additional registration|https://www.wvtf.org/news/2024-10-30/understanding-virginias-noncitizen-registered-voters|
Virginia |30-Oct-24|The Prince William County director of elections stated that 43 of the 162 individuals removed from the voter list for suspected noncitizenship had previously cast ballots. These individuals had marked on prior registration records that they were US citizens, suggesting a form error.|43 of the 162 individuals removed|https://www.npr.org/2024/10/29/nx-s1-5169204/virginia-noncitizen-voter-purge|
Virginia |30-Oct-24|A review of more than 650 election crime cases in Virginia over the past 20 years identified no noncitizens convicted of illegal voting.|no noncitizens convicted of illegal voting.|https://www.wvtf.org/news/2024-10-30/understanding-virginias-noncitizen-registered-voters|
West Virginia|18-Feb-25|The secretary of state's office reported one case of a noncitizen convicted in 2019 after registering to vote and casting a ballot in the 2016 general election. The individual was charged with a misdemeanor for false swearing. |one case of a noncitizen|https://www.newsandsentinel.com/news/local-news/2025/02/west-virginia-house-committee-advances-constitutional-amendment-barring-non-citizens-from-voting/|
Wisconsin|25-Apr-18|The Wisconsin Elections Commission published a report on suspected election fraud, irregularities, or violations identified between February 2017 and February 2018. This report identified one suspected case of fraud involving a possible noncitizen.|published a report|https://elections.wi.gov/resources/reports/2018-report-suspected-election-fraud-irregularities-or-violations-pursuant-wis|
Wisconsin|11-Mar-19|The Wisconsin Elections Commission published a report on suspected election fraud, irregularities, or violations identified between February 2018 and February 2019. This report identified one suspected case of fraud involving a possible noncitizen.|one suspected case of fraud|https://elections.wi.gov/sites/default/files/legacy/2019-03/Report%2520of%2520Suspected%2520Election%2520Fraud_Legislature_3_12_19_Final.pdf|
Wisconsin|8-Sep-23|The Wisconsin Elections Commission published a report on suspected election fraud, irregularities, or violations identified between June 2022 and June 2023. This report identified two suspected cases of fraud involving a possible noncitizen.|two suspected cases of fraud|https://elections.wi.gov/sites/default/files/documents/Report%20of%20Suspected%20Election%20Fraud%2C%20Irregularities%2C%20or%20Violations%20%202022-2023.pdf|
Wisconsin|20-Nov-25|The Wisconsin Elections Commission published a report on suspected election fraud, irregularities, or violations identified between September 2024 and November 2025. This report identified one suspected case of fraud involving a possible noncitizen.|one suspected case of fraud involving a possible noncitizen.|https://pbswisconsin.org/news-item/wisconsin-clerks-referred-46-cases-of-suspected-fraud-irregularities-in-the-november-2024-election/|
Wisconsin |12-Apr-24|The Wisconsin Elections Commission stated that since 20219, three noncitizens were referred for prosecution for illegal voting mostly due to misunderstanding their eligibilityy.|three noncitizens |https://pbswisconsin.org/news-item/how-often-do-non-us-citizens-vote-in-wisconsin-elections/|
Wyoming|24-Nov-25|Following investigations into three active registration records matching possible noncitizens identified by USCIS. The secretary of state's office removed these individuals from the state's voter list in Carbon, Lincoln, and Teton counties and referred the cases to law enforcement for further investigation.|three active registration records|https://sos.wyo.gov/Media/2025/SoS_Release_2025-11-24.pdf|
Wyoming |10-Jul-25|An ICE investigation into 13 individuals suspected of being noncitizen voters in Laramie County, the state's most populous county, found that all 13 voted legally.|13 individuals suspected of being noncitizen voters|https://capcity.news/crime/2025/07/10/laramie-county-elections-probe-clears-most-flagged-voters/|
